S_No,Latitude,Longitude
1,5.960604,80.45626
2,5.941593,80.512006
3,5.94126,80.467737
4,5.94318,80.504417
5,6.88177,79.90118
6,6.066598,80.731694
7,6.522278,80.114764
8,6.720073,79.907609
9,6.708361,79.907946
10,6.816414,79.982521
11,6.811409,79.975215
12,6.890507,79.928893
13,6.915381,79.877805
14,6.937128,79.855621
15,6.934063,79.850549
16,6.865112,79.911971
17,6.922667,79.951875
18,6.891903,79.87716
19,6.833538,79.86725
20,7.139915,80.095426
21,6.889033,79.905613
22,6.981122,79.929845
23,6.904555,79.953266
24,6.90521,79.949551
25,6.904937,79.950192
26,6.90798,79.945139
27,6.904497,79.953751
28,6.902493,79.915053
29,6.902377,79.914315
30,6.883937,79.901579
31,6.882887,79.898724
32,6.881957,79.897147
33,6.902152,79.905773
34,6.903409,79.907157
35,6.903334,79.907683
36,6.902195,79.918186
37,6.917938,79.877786
38,6.869495,79.888049
39,6.90875,79.896147
40,6.908682,79.943904
41,6.878825,79.894497
42,6.874267,79.891761
43,6.872584,79.890677
44,6.898269,79.906181
45,6.280231,80.040664
46,6.894696,79.905586
47,5.99928,80.519579
48,5.972828,80.519447
49,5.959901,80.528828
50,6.876072,79.900384
51,6.876535,79.900531
52,6.16644,80.897872
53,6.725247,80.029646
54,6.866579,79.876167
55,6.839167,79.972523
56,6.131641,80.101426
57,6.146161,80.099513
58,6.149581,80.098609
59,6.151961,80.096844
60,6.154315,80.095435
61,6.157951,80.092388
62,6.162342,80.091328
63,6.16611,80.089749
64,6.168809,80.087624
65,6.171683,80.085235
66,6.175076,80.081369
67,6.175272,80.08093
68,6.179051,80.077253
69,6.179245,80.07686
70,6.183299,80.072295
71,6.183724,80.071637
72,6.188471,80.066625
73,6.188851,80.066128
74,6.191683,80.063181
75,6.192429,80.062748
76,6.208497,80.061936
77,6.208621,80.061662
78,6.21205,80.060142
79,6.216119,80.058582
80,6.218799,80.057888
81,6.225322,80.05507
82,6.233383,80.054584
83,6.242267,80.049655
84,6.244152,80.048065
85,6.246157,80.046351
86,6.250694,80.0432
87,6.253266,80.041566
88,6.256208,80.039467
89,6.259618,80.037727
90,6.262188,80.037394
91,6.266675,80.035295
92,6.269086,80.037276
93,6.271993,80.038981
94,6.275136,80.039172
95,6.285046,80.041196
96,6.288564,80.041264
97,6.289475,80.041032
98,6.291631,80.041099
99,6.292076,80.040924
100,6.295605,80.040943
101,6.29639,80.04039
102,6.297865,80.040118
103,6.300677,80.038761
104,6.304971,80.038128
105,6.306948,80.036136
106,6.309048,80.034524
107,6.30939,80.034221
108,6.31421,80.03476
109,6.319337,80.032738
110,6.322841,80.034327
111,6.323075,80.034159
112,6.325518,80.034017
113,6.325895,80.0336
114,6.328378,80.033208
115,6.328808,80.032794
116,6.33131,80.032245
117,6.331811,80.031758
118,6.334915,80.030776
119,6.335262,80.030456
120,6.340277,80.027445
121,6.343997,80.025503
122,6.344319,80.025203
123,6.346045,80.023741
124,6.353151,80.018702
125,6.368271,80.011796
126,6.374397,80.010219
127,6.390552,80.00716
128,6.419237,80.002399
129,6.829865,79.868122
130,5.942259,80.514478
131,6.846415,79.927708
132,6.869056,79.89006
133,6.848007,79.926191
134,6.835231,79.867395
135,6.841371,79.964009
136,6.856823,79.917059
137,5.941428,80.467146
138,5.940443,80.470547
139,5.938977,80.482971
140,9.732938,80.097007
141,6.762999,79.967016
142,6.137752,80.114055
143,6.144874,80.777626
144,6.063929,80.731231
145,6.072881,80.734018
146,6.927025,79.940421
147,6.924623,79.940344
148,6.922501,79.940494
149,6.922331,79.941762
150,6.918575,79.942207
151,6.4778,79.982843
152,7.105445,80.560486
153,7.104217,80.558553
154,7.098803,80.558172
155,6.908902,80.081194
156,7.335516,80.300224
157,6.843556,79.957404
158,6.84612,79.949311
159,6.057842,80.217617
160,6.058255,80.217268
161,6.057655,80.217673
162,6.057594,80.217531
163,6.845357,79.938792
164,6.96139,80.008084
165,6.830051,80.992211
166,7.06606,80.539586
167,6.021943,80.247356
168,6.768942,80.960634
169,6.788418,81.017972
170,6.768206,80.958719
171,7.856591,80.652292
172,7.951693,80.755905
173,6.88748,79.864636
174,6.841763,79.962958
175,6.84225,79.962458
176,6.84089,79.966104
177,6.839249,79.972841
178,6.838732,79.97951
179,6.845817,79.952345
180,6.846267,79.949545
181,6.845204,79.943232
182,6.845292,79.943387
183,6.845966,79.928385
184,6.845444,79.929895
185,6.846762,79.928058
186,6.82123,79.980321
187,6.821235,79.979972
188,6.826673,79.976265
189,6.82458,79.977654
190,6.82458,79.978084
191,6.826892,79.976016
192,6.828868,79.976474
193,6.829027,79.975949
194,6.8294,79.970005
195,6.829027,79.969951
196,6.829826,79.973331
197,6.830071,79.973546
198,6.832873,79.964818
199,6.832773,79.964633
200,6.832953,79.964563
201,6.830892,79.962677
202,6.831137,79.962495
203,6.829496,79.961872
204,6.829628,79.961574
205,6.836836,79.965166
206,6.835148,79.965362
207,6.836463,79.965032
208,6.834797,79.965145
209,6.827089,79.960768
210,6.827056,79.960427
211,6.819248,79.981227
212,6.81841,79.981131
213,6.816604,79.982422
214,6.869201,79.890111
215,6.845607,79.938074
216,6.84468,79.934303
217,6.844775,79.932774
218,6.845207,79.935263
219,6.844656,79.932581
220,6.137578,80.09976
221,6.931981,79.847045
222,7.266018,80.582479
223,6.890892,80.057385
224,6.586005,79.960198
225,8.625624,80.984897
226,6.932427,79.891844
227,6.932539,79.888969
228,6.936299,79.895465
229,6.932731,79.888507
230,6.937597,79.895773
231,6.932587,79.891479
232,6.932161,79.886206
233,6.931985,79.885557
234,6.9316,79.878038
235,6.931612,79.878208
236,6.931224,79.87862
237,6.929701,79.878186
238,6.128076,80.10462
239,6.126017,80.107328
240,6.906499,80.059602
241,6.932362,79.893874
242,6.932908,79.893704
243,6.91661,79.877713
244,6.917904,79.874634
245,6.890549,79.864187
246,5.979601,80.519371
247,6.841785,80.004148
248,6.07826,80.251179
249,6.075799,80.26281
250,6.077758,80.275673
251,6.079541,80.284354
252,6.080852,80.285752
253,6.091367,80.306692
254,6.095244,80.305885
255,6.102167,80.318352
256,6.106845,80.335019
257,6.932671,79.847868
258,6.665284,79.929988
259,6.664597,79.930106
260,6.670372,79.927292
261,6.670029,79.927662
262,6.720281,79.907374
263,6.711849,79.907633
264,6.71038,79.907406
265,6.716134,79.907456
266,7.301485,80.667033
267,7.316085,80.682394
268,7.25328,80.448317
269,7.251869,80.448357
270,7.213819,79.847566
271,7.221588,79.847027
272,6.909562,79.863776
273,6.913191,79.857024
274,5.93898,80.486424
275,5.939635,80.475997
276,5.942108,80.498302
277,5.942345,80.508317
278,5.943052,80.463435
279,5.949225,80.455873
280,6.013973,80.249563
281,6.877347,79.989384
282,6.05134,80.435926
283,6.051638,80.434122
284,6.816181,79.959148
285,6.816402,79.959167
286,6.474569,79.983783
287,6.110185,80.932493
288,6.79493,79.900953
289,6.796616,79.888261
290,6.020229,80.261141
291,6.933023,80.893864
292,6.875371,79.899185
293,6.910249,79.894563
294,6.910084,79.89452
295,6.004635,80.519114
296,6.054046,80.658376
297,6.343913,80.33875
298,6.250781,80.267739
299,6.259843,80.264354
300,6.297085,80.251516
301,6.283127,80.394604
302,6.024449,80.517109
303,6.073931,80.898462
304,6.813124,79.966179
305,6.795641,79.898606
306,7.066224,80.553574
307,7.225191,80.019725
308,5.95991,80.456462
309,5.976931,80.518279
310,7.942272,81.00885
311,7.940062,81.001414
312,7.947439,81.247687
313,7.942774,81.010666
314,8.073976,80.68388
315,8.088878,80.654188
316,8.205151,80.523369
317,8.11988,80.573444
318,8.274571,80.499773
319,8.324886,80.462578
320,7.915612,81.002446
321,8.038374,80.905381
322,7.25612,80.550833
323,7.252439,80.545869
324,7.255239,80.546885
325,7.248131,80.544632
326,6.02498,80.495928
327,6.023977,80.49603
328,5.984112,80.521127
329,7.258342,80.555664
330,6.896186,80.919836
331,6.878761,80.942304
332,7.263384,80.593103
333,6.942339,79.961833
334,6.944075,79.954807
335,5.986366,80.521519
336,6.934677,79.867414
337,6.009833,80.771282
338,7.951431,80.758844
339,7.06874,80.539319
340,7.080075,80.543492
341,6.138847,80.111199
342,5.941136,80.494445
343,6.617536,80.113722
344,6.625473,80.159385
345,6.587368,80.159292
346,5.940987,80.493875
347,6.923978,79.912747
348,6.873027,80.564354
349,6.916825,79.864967
350,6.918995,79.861505
351,6.916674,79.86331
352,6.9191,79.860404
353,6.916176,79.864747
354,6.91957,79.859813
355,6.917145,79.86618
356,6.916439,79.862585
357,7.068313,80.686165
358,6.872497,81.049363
359,6.297862,81.236756
360,9.660565,80.041
361,9.661051,80.049616
362,7.267292,80.571282
363,6.971404,79.976913
364,6.969419,79.983639
365,6.880407,79.876447
366,6.970289,79.982277
367,6.971054,79.973543
368,6.967818,79.967482
369,6.967531,79.961159
370,6.969524,79.954462
371,6.974289,79.950819
372,6.976412,79.947167
373,6.976728,79.93255
374,6.910732,79.888785
375,6.902033,79.917523
376,6.717943,80.383844
377,9.31184,80.154385
378,6.933946,79.866091
379,6.180467,80.191894
380,7.216621,80.356875
381,7.21678,80.356737
382,7.309762,80.318744
383,7.310089,80.318009
384,7.313152,80.315961
385,7.320336,80.315494
386,7.322243,80.315403
387,6.00924,80.517624
388,6.015748,80.505073
389,7.318706,80.879651
390,8.762639,80.464347
391,5.948656,80.546991
392,9.169377,80.426548
393,9.118822,80.451885
394,9.145682,80.438556
395,9.139249,80.441761
396,9.095489,80.465188
397,9.087468,80.474551
398,9.06082,80.505729
399,9.068622,80.496654
400,9.055562,80.511232
401,9.032181,80.522361
402,8.092614,80.470232
403,6.716877,80.065903
404,7.250684,80.332389
405,7.294244,80.240876
406,7.330921,80.302214
407,7.327868,80.307569
408,7.327296,80.309475
409,7.3263,80.312244
410,7.325337,80.313343
411,7.323995,80.313827
412,7.316329,80.315063
413,7.30849,80.319764
414,7.304851,80.320825
415,7.300859,80.320681
416,7.283576,80.79446
417,7.284986,80.800766
418,6.074012,80.19494
419,6.063393,80.199694
420,6.073996,80.197938
421,6.064688,80.199033
422,6.06791,80.198201
423,7.3217,80.623704
424,6.959026,81.538627
425,6.962571,81.54085
426,6.90707,81.508212
427,6.907158,81.508904
428,6.909975,81.488601
429,7.308956,80.765956
430,6.06886,80.19824
431,7.299938,80.735834
432,7.286736,80.714403
433,7.287143,80.71418
434,7.288617,80.713204
435,7.091714,80.036908
436,7.094017,80.038868
437,7.104688,80.043114
438,7.10778,80.045206
439,7.110688,80.051196
440,7.265671,80.554689
441,7.144247,80.537131
442,7.138747,80.536987
443,7.116056,80.52567
444,6.858038,80.09083
445,7.163175,80.573019
446,7.19417,80.572695
447,7.20114,80.562435
448,7.189305,80.59222
449,7.202655,80.598646
450,7.240534,80.593386
451,7.233439,80.578746
452,7.231852,80.577466
453,7.226487,80.577286
454,7.238518,80.578284
455,7.248348,80.58076
456,7.251179,80.579575
457,7.255155,80.581934
458,7.254976,80.58967
459,7.076177,80.477627
460,7.108808,80.494547
461,7.100519,80.523746
462,7.103052,80.517501
463,7.100353,80.517729
464,7.083427,80.4974
465,7.074266,80.54083
466,7.082737,80.548065
467,7.083974,80.550841
468,7.086055,80.55377
469,7.100174,80.641758
470,6.860614,79.881883
471,6.855898,79.882135
472,6.857972,79.881875
473,6.855987,79.882131
474,6.866154,79.879734
475,6.850418,79.872023
476,7.105989,80.564041
477,7.230454,80.350437
478,7.19741,80.670417
479,7.217614,80.678485
480,7.167662,80.672855
481,7.132357,80.588846
482,7.169679,80.672565
483,7.148746,80.580246
484,7.139524,80.638684
485,7.132974,80.637766
486,7.208582,80.730111
487,7.209864,80.716815
488,7.218608,80.716794
489,7.219492,80.711612
490,7.228781,80.706553
491,7.225521,80.680841
492,7.232494,80.683203
493,7.24024,80.681044
494,7.240051,80.668668
495,7.240421,80.700658
496,6.912548,80.001595
497,5.96198,80.661338
498,7.088734,81.046987
499,7.360377,80.545985
500,7.3636,80.547713
501,7.343739,80.550548
502,7.43439,80.565743
503,7.44763,80.565777
504,7.439032,80.53612
505,7.409442,80.60937
506,7.40925,80.609558
507,7.396688,80.632667
508,7.389852,80.63518
509,7.363004,80.640595
510,7.388721,80.602298
511,7.373225,80.600181
512,7.364875,80.617257
513,7.370998,80.661063
514,7.365628,80.657438
515,7.35825,80.62267
516,7.358183,80.624826
517,7.359604,80.637989
518,7.352777,80.650147
519,7.349729,80.650566
520,7.348502,80.658637
521,9.660485,80.04165
522,8.098829,80.434425
523,6.900424,79.859427
524,7.293342,80.638572
525,7.316069,80.67711
526,6.812723,79.946944
527,6.811247,79.942934
528,6.810704,79.939438
529,6.82775,79.954582
530,7.005159,81.056566
531,6.061077,80.731312
532,7.816019,81.559028
533,6.905588,79.905021
534,6.934306,79.848958
535,6.874,79.891534
536,6.933973,79.86499
537,8.825028,80.493178
538,6.902852,79.991867
539,6.907506,79.931948
540,6.79503,79.900534
541,7.315423,80.589187
542,5.993848,80.307912
543,5.992645,80.314466
544,6.878773,79.874311
545,7.24062,81.715697
546,7.022897,81.116731
547,6.670043,79.940426
548,7.303923,80.612281
549,7.37684,81.838631
550,6.85637,79.909665
551,7.37619,80.554394
552,7.325495,80.611334
553,7.32192,80.623741
554,7.321384,80.624694
555,7.324255,80.625678
556,7.324073,80.625406
557,7.319914,80.62957
558,7.321696,80.626628
559,7.321627,80.626606
560,7.318041,80.629452
561,7.317734,80.629558
562,7.317003,80.630091
563,7.316285,80.630361
564,7.311649,80.316967
565,7.306056,80.634562
566,7.303877,80.634762
567,7.29839,80.636483
568,7.29115,80.631199
569,7.289284,80.629747
570,7.2866,80.627073
571,7.270711,80.622224
572,7.269353,80.620144
573,7.261805,80.617782
574,7.213817,79.847421
575,7.211166,79.848586
576,7.206504,79.850678
577,7.201256,79.853114
578,7.197228,79.854982
579,7.268065,80.602532
580,7.265722,80.595891
581,7.265537,80.596069
582,7.291147,80.63772
583,7.290208,80.639941
584,7.28937,80.643644
585,7.2876,80.645178
586,7.28767,80.645839
587,7.286843,80.647684
588,7.280265,80.654472
589,7.283516,80.623301
590,7.280957,80.620224
591,7.280246,80.619327
592,7.270095,80.604758
593,7.104341,79.935307
594,5.945944,80.459329
595,6.950813,80.213115
596,6.857796,79.969303
597,6.729243,80.09804
598,6.729721,80.098145
599,8.554177,80.838911
600,7.479077,80.357951
601,7.476911,80.356162
602,7.294923,80.547008
603,7.298569,80.554199
604,9.794939,79.992768
605,7.307259,80.607188
606,9.603098,79.813124
607,8.637265,80.384871
608,7.363703,80.571463
609,7.324805,80.610163
610,7.341376,80.593661
611,7.340596,80.598728
612,7.240758,80.720612
613,7.070759,80.539527
614,9.363451,80.336723
615,9.364579,80.341264
616,9.38352,80.378838
617,9.595283,80.346361
618,6.837556,79.867402
619,6.838822,79.867552
620,6.844588,79.86627
621,7.16088,80.559508
622,6.709147,79.978957
623,7.267639,80.600071
624,7.662642,80.224169
625,7.655394,80.221123
626,7.667302,80.226244
627,7.655798,80.221007
628,8.729973,80.512516
629,9.778386,80.116178
630,6.891113,79.964727
631,6.911105,79.885511
632,6.910888,79.884626
633,6.890559,79.964809
634,6.891083,79.964922
635,6.891244,79.969152
636,6.891037,79.964292
637,6.892256,79.969324
638,6.892334,79.965504
639,6.892787,79.97169
640,6.892869,79.971964
641,6.893828,79.97325
642,6.893913,79.973204
643,6.896328,79.959502
644,6.896407,79.959528
645,6.896699,79.973102
646,6.896715,79.97306
647,6.897656,79.958659
648,6.898096,79.958366
649,6.899246,79.97177
650,6.899596,79.957731
651,6.89999,79.957449
652,6.900463,79.971995
653,6.901095,79.972826
654,6.903553,79.95913
655,6.903722,79.959447
656,6.904522,79.961486
657,6.904818,79.961831
658,6.905323,79.962647
659,6.905794,79.963452
660,6.907134,79.97373
661,6.907415,79.973755
662,6.93531,79.983996
663,6.934368,79.98373
664,6.923586,79.977922
665,6.929866,79.982659
666,6.930275,79.982445
667,6.931918,79.98263
668,6.932475,79.982417
669,6.903919,79.954268
670,6.903708,79.956518
671,6.9268,79.980165
672,6.92732,79.980519
673,6.910031,79.971353
674,6.90927,79.970676
675,6.920054,79.974254
676,6.908912,79.966606
677,6.90841,79.966042
678,6.908964,79.969874
679,6.908667,79.969453
680,6.92139,79.975116
681,6.916148,79.972411
682,6.906785,79.964958
683,6.906244,79.964558
684,6.913206,79.972081
685,6.91251,79.972218
686,6.917183,79.973593
687,6.917629,79.973852
688,5.97321,80.429387
689,8.761788,80.258156
690,7.107818,79.883999
691,7.323212,80.396553
692,7.335097,80.299729
693,7.284085,80.322541
694,7.284882,80.32195
695,7.282016,80.324861
696,7.265509,80.327161
697,7.25738,80.329428
698,6.915592,79.972381
699,6.921178,79.97496
700,6.92118,79.974961
701,6.919225,79.97423
702,6.901285,79.956809
703,6.901527,79.956461
704,6.010925,80.310924
705,7.87745,80.650837
706,6.037923,80.29567
707,6.037236,80.30378
708,7.119842,80.116633
709,7.096191,80.144978
710,7.070472,80.093231
711,7.07703,80.121163
712,7.076107,80.045063
713,7.084303,80.078836
714,7.028712,80.080698
715,6.111325,80.124291
716,6.118627,80.1168
717,9.813946,80.231422
718,9.805917,80.223097
719,9.816067,80.23344
720,9.805635,80.20984
721,9.660428,80.028863
722,9.660432,80.029857
723,7.097609,80.145078
724,9.662043,80.080884
725,9.659996,80.0575
726,9.783538,80.078278
727,9.762622,80.066222
728,9.71093,80.074206
729,9.674462,80.035242
730,9.70429,80.069315
731,9.662738,80.062359
732,9.745154,80.106504
733,9.745239,80.055748
734,9.691719,80.05287
735,9.731602,80.095562
736,9.719798,80.083573
737,9.724521,80.089317
738,9.716366,80.080948
739,9.671268,80.012248
740,9.652306,80.041496
741,9.682678,80.024732
742,9.689624,80.027937
743,9.65775,80.024979
744,9.685442,80.025679
745,9.676245,80.021195
746,9.790755,80.144929
747,9.798856,80.191294
748,9.790956,80.158031
749,9.77739,80.12964
750,9.666441,80.131667
751,9.661003,80.038602
752,9.677735,80.196471
753,9.670975,80.096819
754,9.762985,80.117747
755,9.680435,80.038284
756,9.563958,80.399522
757,9.408442,80.408073
758,9.344442,80.409092
759,6.119042,80.11647
760,6.118803,80.116684
761,9.667844,80.018359
762,9.798116,80.178475
763,9.797999,80.186504
764,9.670896,80.021667
765,9.797123,80.169811
766,9.702706,80.035738
767,9.717874,80.044369
768,9.730639,80.023753
769,9.785896,80.033541
770,9.809982,79.997195
771,9.77411,80.030198
772,6.798773,80.556473
773,7.138158,79.875122
774,9.674211,80.0111
775,9.686867,80.013906
776,9.691847,80.013722
777,9.680455,80.007836
778,9.681511,80.012972
779,9.705611,80.018043
780,9.695587,80.014096
781,9.698426,80.014757
782,9.670091,80.010207
783,8.652285,80.314652
784,8.646961,80.316057
785,8.633984,80.324637
786,8.632488,80.32634
787,8.620933,80.345506
788,8.606482,80.365664
789,8.600767,80.372366
790,9.762753,80.02979
791,7.296192,80.386736
792,7.299624,80.386354
793,7.317436,80.393942
794,7.317961,80.394367
795,7.313997,80.391497
796,7.3109,80.389147
797,7.309987,80.388654
798,7.304669,80.38713
799,9.717198,80.021865
800,7.79426,81.580572
801,7.819008,81.555882
802,7.78177,81.59557
803,7.802042,81.572959
804,7.783312,81.593404
805,7.718283,81.698654
806,7.714163,81.697536
807,7.718226,81.698583
808,7.776974,81.603986
809,7.743355,81.655625
810,7.778297,81.600557
811,7.819258,81.555473
812,7.784795,81.5915
813,7.759551,81.627486
814,7.715367,81.698424
815,7.799229,81.575683
816,7.796889,81.577925
817,7.919078,81.531458
818,7.907803,81.535245
819,7.78595,81.589743
820,7.813099,81.561797
821,7.778103,81.601475
822,7.532292,81.78792
823,7.757948,81.629584
824,7.720603,81.695285
825,7.791592,81.583184
826,7.728287,81.684728
827,7.782737,81.594347
828,7.531592,81.788233
829,7.775243,81.605955
830,7.135431,80.393495
831,7.267752,80.576521
832,7.3357,80.756171
833,7.29214,79.85226
834,7.32194,80.751393
835,7.317663,80.755982
836,7.328061,80.74398
837,7.316271,80.736007
838,7.284734,80.705383
839,7.281486,80.686498
840,7.280869,80.684179
841,7.28047,80.683604
842,7.279879,80.676228
843,7.206025,80.586977
844,7.206291,80.589608
845,7.007269,79.978904
846,5.949023,80.544382
847,5.946153,80.53013
848,5.947839,80.534837
849,5.938089,80.574087
850,5.928861,80.584706
851,5.933243,80.580609
852,5.928283,80.588507
853,5.941365,80.572226
854,7.077943,80.542858
855,6.410906,80.796196
856,6.886022,80.627999
857,7.111779,80.763293
858,6.872956,81.049138
859,7.116147,80.130625
860,7.119778,80.116788
861,7.135228,80.633402
862,7.048824,79.896852
863,7.299467,80.610267
864,8.358241,80.51083
865,6.405489,80.216744
866,7.724339,81.550644
867,7.678058,81.505706
868,6.876785,79.866239
869,6.822462,79.960801
870,7.65103,81.494889
871,7.164775,80.571112
872,6.880969,79.861837
873,6.901353,79.91977
874,7.033373,80.939823
875,6.689649,80.075963
876,7.095288,80.55567
877,7.09743,80.557403
878,7.163374,79.981216
879,6.046733,80.290027
880,6.883436,81.782132
881,6.884708,79.998972
882,6.896905,81.403504
883,6.905973,81.398228
884,6.914698,81.391047
885,6.929175,81.369144
886,5.997524,80.279307
887,6.001919,80.26007
888,6.906405,81.473366
889,9.824804,80.236607
890,6.903181,81.445461
891,7.268575,80.578693
892,7.268662,80.580506
893,8.112468,81.040454
894,8.086504,80.977299
895,7.098852,80.643888
896,7.588219,80.242214
897,7.588415,80.248972
898,7.079368,80.295792
899,7.070753,80.284279
900,7.376284,80.313662
901,7.131346,79.876929
902,7.053369,80.016703
903,6.949901,79.857468
904,6.903232,79.911706
905,7.432805,80.446402
906,7.287594,80.708986
907,7.177676,81.195714
908,6.628971,80.731755
909,7.876563,80.650834
910,6.833024,81.074673
911,6.833034,81.074287
912,6.106694,80.919772
913,6.268159,81.297333
914,6.268178,81.297703
915,6.270373,81.292572
916,6.014913,80.249229
917,5.974335,80.435709
918,5.97236,80.442741
919,7.405882,80.61091
920,7.402515,80.612867
921,7.412246,80.608031
922,7.416608,80.611765
923,7.41889,80.608406
924,7.424369,80.615507
925,7.42773,80.620036
926,7.437816,80.623689
927,7.440337,80.631967
928,7.431161,80.621031
929,7.433644,80.622077
930,7.451152,80.63095
931,7.462722,80.625835
932,7.454196,80.629635
933,7.459937,80.627921
934,7.46545,80.624052
935,7.467801,80.622768
936,7.237158,79.848502
937,7.782185,81.594895
938,7.656898,81.496242
939,7.727647,81.552656
940,7.688922,81.519276
941,7.279741,80.676671
942,7.666195,81.501278
943,6.940743,80.744064
944,6.959966,80.770872
945,6.953763,80.779542
946,6.960066,80.770478
947,7.869477,81.539462
948,7.864833,81.538572
949,7.875907,81.540901
950,7.877229,81.540745
951,6.940126,80.873514
952,6.926585,80.868252
953,6.938373,80.889575
954,6.937144,80.880431
955,6.942866,80.883805
956,6.938739,80.885626
957,6.927522,80.894995
958,6.922809,80.899691
959,6.949241,80.774107
960,6.942113,80.776851
961,6.934951,80.775088
962,6.924332,80.789459
963,6.865212,81.036301
964,6.032289,80.214832
965,6.893526,80.597858
966,6.927933,80.898414
967,6.901419,80.901933
968,6.901985,80.88793
969,6.896748,80.874914
970,6.893811,80.869258
971,6.893375,80.86541
972,6.906484,80.853592
973,6.905417,80.848639
974,6.90788,80.841102
975,6.916632,80.831453
976,6.928371,80.821319
977,6.933005,80.810501
978,6.935837,80.804086
979,6.943913,80.796371
980,6.947434,80.791033
981,6.952443,80.786848
982,6.962648,80.766697
983,6.967196,80.767567
984,7.252541,80.3772
985,6.942457,80.84025
986,8.044353,80.44522
987,6.955347,80.926487
988,7.090954,80.798575
989,6.934341,79.848617
990,6.85955,79.96575
991,6.861012,79.964605
992,6.778782,80.930275
993,6.79918,80.914907
994,7.281947,80.623199
995,7.284493,80.626779
996,7.279743,80.620012
997,7.288126,80.631586
998,7.293055,80.634632
999,7.267147,80.621898
1000,6.094321,80.136734
1001,5.943094,80.520007
1002,6.751109,81.306672
1003,7.443326,80.431156
1004,7.447879,80.426723
1005,7.806494,80.6108
1006,7.777524,80.585515
1007,7.623083,80.605978
1008,7.622258,80.606516
1009,7.221626,80.714019
1010,6.829112,79.965609
1011,7.685634,80.645272
1012,7.617103,80.673102
1013,7.606779,80.678557
1014,7.58459,80.670223
1015,7.26502,80.557957
1016,7.073841,80.016736
1017,7.07287,80.015895
1018,7.3355,80.299824
1019,7.068341,80.685363
1020,7.041604,80.706948
1021,7.080506,80.660331
1022,7.079014,80.663411
1023,7.929006,80.687598
1024,6.912993,79.858081
1025,6.910225,79.863573
1026,7.534476,80.893998
1027,7.425107,80.631814
1028,7.116893,80.122029
1029,7.112536,80.135907
1030,6.962676,79.894869
1031,6.903163,79.91183
1032,6.902895,79.912138
1033,7.405252,80.778144
1034,7.531706,80.759154
1035,7.523023,80.755038
1036,7.247265,80.650275
1037,7.261703,80.670401
1038,7.247579,80.658535
1039,7.950586,80.751365
1040,7.929725,80.687292
1041,8.211777,79.74051
1042,8.21346,79.724256
1043,7.286863,80.605542
1044,7.29063,80.607137
1045,6.121813,80.114399
1046,6.138973,80.121128
1047,6.138746,80.120302
1048,6.138589,80.117638
1049,6.578584,80.529151
1050,7.229903,79.988698
1051,6.907896,79.893295
1052,6.909722,79.888435
1053,6.911624,79.886629
1054,6.866497,79.945473
1055,6.940367,79.8655
1056,6.947431,79.861848
1057,6.942472,79.864485
1058,7.289845,80.631868
1059,6.923286,79.85194
1060,6.923203,79.851982
1061,6.947264,79.86963
1062,6.894316,79.85736
1063,6.925265,79.851912
1064,6.917503,79.854527
1065,6.916763,79.86323
1066,6.919395,79.860224
1067,6.910771,79.858804
1068,6.138902,80.690166
1069,7.071645,81.833888
1070,7.061113,81.834274
1071,7.031085,81.845036
1072,7.022552,81.847316
1073,6.992585,81.864388
1074,6.988666,81.864744
1075,7.040577,81.838389
1076,6.984221,81.863771
1077,6.865812,81.832818
1078,6.860776,81.832345
1079,7.06472,81.834199
1080,6.879765,81.828298
1081,6.87692,81.829461
1082,6.868643,81.832152
1083,7.098836,81.841649
1084,7.090815,81.82569
1085,7.083709,81.82651
1086,7.024581,81.846875
1087,5.959943,80.52892
1088,5.975942,80.51858
1089,5.972852,80.519474
1090,6.731959,81.099663
1091,6.922795,79.853335
1092,6.920952,79.856613
1093,6.922923,80.850902
1094,6.816209,81.04325
1095,6.78298,81.003295
1096,6.935367,79.854254
1097,6.991478,79.90943
1098,7.378978,81.626674
1099,6.031761,80.240074
1100,6.028181,80.243554
1101,5.989953,80.321166
1102,6.274676,81.264922
1103,6.124108,80.111056
1104,8.454313,81.263515
1105,7.194632,80.593376
1106,6.830213,81.051267
1107,6.260773,81.226571
1108,6.885381,80.001752
1109,6.884796,80.005289
1110,7.222874,79.847754
1111,6.032541,80.214827
1112,7.013575,80.229091
1113,7.018572,80.23663
1114,7.859269,81.107975
1115,6.00667,80.767767
1116,7.173777,79.887998
1117,7.178561,79.862153
1118,7.870971,80.650859
1119,6.786113,80.453721
1120,6.970762,80.79372
1121,6.625385,80.073297
1122,7.293373,80.624866
1123,7.22699,80.483427
1124,6.888557,81.045963
1125,7.076268,80.198351
1126,7.092935,81.051449
1127,7.137461,81.047922
1128,8.040382,80.755737
1129,8.039884,80.755278
1130,8.355227,81.007744
1131,8.367488,81.00381
1132,8.599451,81.218745
1133,9.130965,80.44585
1134,8.641045,80.669037
1135,9.707051,79.865505
1136,9.390792,80.408512
1137,7.837312,80.631174
1138,7.842056,80.632549
1139,7.876348,80.65112
1140,7.873321,80.650617
1141,8.327924,80.406748
1142,9.084659,79.820936
1143,8.64669,81.201963
1144,8.64695,81.201823
1145,8.651313,81.200893
1146,8.651086,81.201041
1147,8.654352,81.200332
1148,8.654604,81.200179
1149,8.65808,81.199544
1150,8.658311,81.199377
1151,8.666929,81.197968
1152,8.66735,81.197797
1153,8.672615,81.199489
1154,8.672798,81.199355
1155,8.675186,81.198944
1156,8.675558,81.198778
1157,8.677605,81.198496
1158,8.678093,81.198238
1159,7.066297,80.840975
1160,6.937026,79.855506
1161,7.17175,79.886343
1162,7.036607,80.782945
1163,7.156812,80.629729
1164,9.242706,80.138104
1165,7.530206,80.625891
1166,7.978309,79.833321
1167,7.439852,80.570703
1168,7.304286,80.90166
1169,7.305849,80.903713
1170,6.87306,81.049357
1171,9.427082,80.388401
1172,6.528735,80.536702
1173,7.22638,80.05149
1174,7.218645,80.055669
1175,7.215795,80.057932
1176,8.608107,81.216604
1177,7.485384,80.623967
1178,8.020727,80.603103
1179,7.245538,80.128621
1180,7.185966,80.112107
1181,7.167663,80.123779
1182,7.19953,80.111343
1183,6.343503,80.169535
1184,7.940924,81.00022
1185,7.941933,80.732081
1186,7.907685,80.67405
1187,7.898777,80.667273
1188,7.951409,80.753788
1189,7.947065,80.739894
1190,7.940126,80.727864
1191,7.25315,80.345935
1192,6.874029,81.031506
1193,7.694634,80.652113
1194,7.439543,80.478096
1195,7.323563,80.796571
1196,6.87303,81.030899
1197,6.413607,80.834352
1198,7.403613,80.653962
1199,7.40084,80.276892
1200,7.061483,80.900944
1201,6.554598,80.023805
1202,7.928791,80.686797
1203,7.925973,80.685358
1204,7.199013,80.328978
1205,6.814189,79.95743
1206,6.561679,79.981573
1207,6.620323,81.126944
1208,6.640115,81.118774
1209,6.643612,81.118144
1210,6.863641,81.344469
1211,6.764331,81.255075
1212,6.774329,81.26293
1213,6.866397,81.346379
1214,7.249619,81.854369
1215,6.8776,81.829211
1216,6.97955,81.862906
1217,6.993056,81.863945
1218,7.031593,81.844489
1219,7.061844,81.834186
1220,7.065556,81.834123
1221,7.099882,81.842019
1222,7.135244,81.852492
1223,7.169595,81.860265
1224,7.213742,81.855809
1225,7.215398,81.853656
1226,7.276171,81.849011
1227,7.296851,81.848389
1228,7.377832,81.838658
1229,7.104762,81.844077
1230,7.106756,81.845389
1231,7.108888,81.847907
1232,7.115851,81.85137
1233,7.124339,81.849435
1234,7.131296,81.848454
1235,7.604659,81.767496
1236,7.42031,81.82112
1237,8.326045,81.300154
1238,8.400742,81.27969
1239,8.213899,79.741904
1240,8.231495,79.759885
1241,8.222549,79.750797
1242,8.232726,79.761293
1243,8.205843,79.73909
1244,8.23519,79.764122
1245,8.220111,79.748273
1246,8.202711,79.737317
1247,8.220094,79.748085
1248,8.228093,79.755938
1249,8.233434,79.762148
1250,8.039333,80.755245
1251,8.039361,80.756119
1252,6.948296,79.860694
1253,7.993152,80.726057
1254,6.994094,81.012665
1255,7.040723,80.985806
1256,7.019966,81.020104
1257,7.522748,80.754922
1258,6.924922,79.877786
1259,7.275861,80.593603
1260,6.451966,79.98615
1261,6.454934,79.985132
1262,6.254769,81.227259
1263,6.284799,81.267713
1264,6.256047,81.22768
1265,6.428674,79.998858
1266,6.907344,79.895417
1267,6.875692,79.934755
1268,6.743081,81.018036
1269,6.952995,79.880614
1270,7.192603,80.478673
1271,6.979565,80.957115
1272,6.972427,80.775707
1273,6.972123,80.77996
1274,6.960699,80.769166
1275,6.88027,79.93437
1276,6.875938,79.934815
1277,8.502606,81.180396
1278,8.503792,81.176945
1279,6.885187,79.932042
1280,6.971852,79.916883
1281,6.972343,79.917043
1282,6.03262,80.214813
1283,6.917693,79.847736
1284,6.959755,80.869447
1285,7.370331,81.812472
1286,7.487673,81.807054
1287,7.442343,81.812448
1288,7.65692,81.740625
1289,7.670002,81.73528
1290,7.15421,80.580001
1291,7.38727,81.836367
1292,7.376795,81.838376
1293,7.37258,81.824772
1294,7.370197,81.81193
1295,6.249362,80.043749
1296,6.94683,79.862797
1297,6.946491,79.856475
1298,6.945873,79.861328
1299,6.945793,79.862994
1300,6.946808,79.856788
1301,6.942818,79.864554
1302,6.941158,79.865317
1303,6.940182,79.865592
1304,6.933955,79.865941
1305,6.929169,79.864371
1306,6.927827,79.865035
1307,6.882951,79.886915
1308,6.018898,80.716403
1309,6.020306,80.716507
1310,6.929582,79.863226
1311,6.075333,80.156565
1312,6.071494,80.163723
1313,6.824313,79.936253
1314,6.810875,79.93951
1315,6.087266,80.170315
1316,6.872209,79.88386
1317,6.881182,79.859258
1318,7.26957,80.597128
1319,6.814604,79.878658
1320,7.143657,80.381253
1321,7.139536,80.390014
1322,7.141603,80.385292
1323,7.132044,80.400453
1324,7.13073,80.405304
1325,7.402667,81.061085
1326,6.750299,79.90025
1327,6.900584,79.9057
1328,6.898494,79.90602
1329,6.897876,79.906
1330,6.894337,79.905202
1331,6.894408,79.905384
1332,6.892739,79.904518
1333,6.892515,79.904528
1334,6.892499,79.904609
1335,6.891615,79.904056
1336,6.89142,79.903992
1337,6.889499,79.903033
1338,6.888742,79.902825
1339,6.888304,79.902688
1340,6.886793,79.90222
1341,6.886918,79.902215
1342,6.883231,79.90184
1343,6.883069,79.90181
1344,6.875197,79.899049
1345,6.872855,79.892209
1346,6.889708,80.902299
1347,6.612628,80.630758
1348,8.326375,81.299918
1349,8.360617,81.284096
1350,8.387676,81.297916
1351,6.285015,81.268161
1352,8.375184,81.294472
1353,8.400689,81.279171
1354,8.409049,81.26864
1355,8.392644,81.292845
1356,8.397758,81.286393
1357,8.438631,81.261024
1358,8.572746,81.228347
1359,5.942721,80.569003
1360,7.935134,81.51021
1361,7.907426,81.534016
1362,8.356123,80.418275
1363,7.93977,81.001014
1364,7.289394,80.63035
1365,6.88235,79.914604
1366,7.829595,80.301922
1367,7.605765,80.100193
1368,7.842217,80.396736
1369,7.842499,80.396966
1370,6.990463,81.051878
1371,7.876658,80.650772
1372,7.979011,79.832083
1373,6.797727,80.041999
1374,7.884637,80.651487
1375,8.327601,80.406644
1376,6.333936,80.185354
1377,6.911319,79.882109
1378,6.898681,79.877287
1379,6.094426,80.241373
1380,6.071592,80.162611
1381,6.259959,80.037563
1382,6.898157,80.823483
1383,6.833133,80.213585
1384,6.811854,80.205233
1385,6.905151,80.909501
1386,8.257338,80.192321
1387,6.833283,80.653345
1388,6.84085,79.966085
1389,6.4107,80.796672
1390,5.96478,80.699987
1391,9.436797,80.440953
1392,9.436587,80.440193
1393,9.436495,80.435145
1394,9.436383,80.43424
1395,9.436497,80.431172
1396,9.436391,80.429957
1397,9.436481,80.427991
1398,9.436354,80.426798
1399,9.436464,80.423347
1400,9.436339,80.42171
1401,9.436425,80.419176
1402,9.436314,80.418449
1403,9.436408,80.415535
1404,9.436294,80.414588
1405,9.436382,80.408686
1406,9.434194,80.461343
1407,9.434499,80.460037
1408,9.436719,80.457052
1409,9.437226,80.455165
1410,9.437466,80.451879
1411,9.43733,80.450598
1412,9.437534,80.448435
1413,9.437442,80.447577
1414,9.437516,80.443719
1415,9.426867,80.487358
1416,9.427189,80.486505
1417,9.429438,80.482922
1418,9.429781,80.482047
1419,9.433783,80.47016
1420,9.433673,80.469156
1421,9.433827,80.465645
1422,9.433926,80.466645
1423,9.40554,80.531124
1424,9.405757,80.53021
1425,9.407389,80.526312
1426,9.407601,80.525456
1427,9.408827,80.522457
1428,9.40931,80.521244
1429,9.410723,80.517747
1430,9.411189,80.516909
1431,9.412785,80.512675
1432,9.412605,80.513428
1433,9.41694,80.50364
1434,9.416447,80.504606
1435,9.373304,80.564647
1436,9.373876,80.563384
1437,9.375146,80.561273
1438,9.37549,80.560357
1439,9.37771,80.557936
1440,9.378491,80.557419
1441,9.381285,80.5552
1442,9.381725,80.554562
1443,9.384125,80.552326
1444,9.38471,80.55153
1445,9.386435,80.549766
1446,9.38676,80.548785
1447,9.3877,80.547086
1448,9.388052,80.546219
1449,9.388878,80.54542
1450,9.389573,80.544673
1451,9.392453,80.542291
1452,9.393,80.541678
1453,9.397514,80.538709
1454,9.398069,80.538152
1455,9.400929,80.536251
1456,9.401712,80.535557
1457,9.353504,80.612896
1458,9.354583,80.609102
1459,9.354707,80.608186
1460,9.355111,80.606852
1461,9.355222,80.60594
1462,9.358051,80.596846
1463,9.358282,80.595913
1464,9.359876,80.592277
1465,9.360131,80.591405
1466,9.364033,80.58567
1467,9.363869,80.584801
1468,9.365308,80.579651
1469,9.365648,80.578802
1470,9.368888,80.572316
1471,9.36923,80.571414
1472,9.346541,80.6371
1473,9.346699,80.636226
1474,9.347356,80.634665
1475,9.347466,80.633843
1476,9.348399,80.631114
1477,9.348551,80.630104
1478,9.350282,80.624239
1479,9.350537,80.623251
1480,9.351591,80.620385
1481,9.351855,80.619075
1482,9.353453,80.613787
1483,9.334839,80.661728
1484,9.335141,80.660984
1485,9.340371,80.652233
1486,9.340852,80.651312
1487,9.34246,80.647337
1488,9.34274,80.646473
1489,9.344752,80.642108
1490,9.345023,80.641093
1491,9.316035,80.692072
1492,9.316402,80.691231
1493,9.318093,80.688497
1494,9.31841,80.68768
1495,9.31969,80.685882
1496,9.320121,80.684972
1497,9.324903,80.677796
1498,9.325237,80.677016
1499,9.326473,80.675416
1500,9.326884,80.674608
1501,9.328388,80.672479
1502,9.328714,80.67173
1503,9.314301,80.694708
1504,5.999952,80.265878
1505,7.369567,80.957084
1506,7.373107,80.960855
1507,7.50816,80.927853
1508,7.520125,80.929786
1509,7.404626,80.957201
1510,7.409084,80.95371
1511,7.437311,80.955
1512,7.468426,80.943466
1513,7.470995,80.943766
1514,7.384911,80.963107
1515,7.630201,80.935103
1516,7.63039,80.9456
1517,9.339943,80.71363
1518,9.339238,80.713235
1519,9.325919,80.70438
1520,9.325087,80.703887
1521,9.321851,80.70171
1522,9.321018,80.701256
1523,9.315029,80.697142
1524,9.314393,80.696629
1525,9.316992,80.709214
1526,9.3173,80.71003
1527,9.314132,80.698222
1528,9.31408,80.697303
1529,9.320911,80.725399
1530,9.320846,80.724511
1531,9.320091,80.721501
1532,9.32039,80.722316
1533,9.319162,80.717769
1534,9.319455,80.718606
1535,9.318136,80.713726
1536,9.318467,80.714593
1537,9.325081,80.759947
1538,9.325606,80.758733
1539,9.325065,80.74375
1540,9.325169,80.74432
1541,9.322481,80.73109
1542,9.322764,80.731832
1543,9.319605,80.770075
1544,9.31947,80.770927
1545,9.316378,80.774877
1546,9.316961,80.774283
1547,9.318212,80.773117
1548,9.318967,80.772313
1549,8.503714,81.190907
1550,9.305038,80.785146
1551,9.305711,80.784633
1552,9.307177,80.783618
1553,9.307894,80.78283
1554,9.301638,80.786873
1555,9.300761,80.787318
1556,5.967596,80.705743
1557,5.97703,80.716369
1558,5.975926,80.354283
1559,5.962777,80.403227
1560,5.973406,80.360753
1561,5.978776,80.346027
1562,5.977836,80.351027
1563,6.922798,80.688853
1564,6.957099,80.772581
1565,8.339251,80.395997
1566,6.293844,81.084677
1567,6.121607,81.056639
1568,6.154757,81.089454
1569,6.065305,80.868233
1570,5.999212,80.740694
1571,6.002371,80.745867
1572,5.960861,80.67907
1573,5.960944,80.669349
1574,5.956034,80.454862
1575,5.96148,80.676002
1576,5.958865,80.647998
1577,7.179044,79.892577
1578,6.906487,79.863884
1579,6.872732,81.049309
1580,6.106822,80.125223
1581,6.432084,79.998508
1582,5.95307,80.535028
1583,6.307258,80.869624
1584,7.672973,81.733487
1585,7.289553,80.633963
1586,7.300065,80.528048
1587,6.894208,79.924927
1588,9.236999,80.811676
1589,9.236211,80.811852
1590,9.261117,80.813942
1591,9.261498,80.813116
1592,6.347412,80.499017
1593,5.947744,80.634578
1594,5.948356,80.627738
1595,5.948122,80.627011
1596,6.405358,80.002844
1597,7.945766,80.761278
1598,7.16856,79.883052
1599,7.267774,80.666138
1600,8.928583,80.813128
1601,7.168101,79.882703
1602,6.557677,80.240147
1603,8.20512,79.738756
1604,6.971951,80.767359
1605,6.971989,80.767383
1606,6.972078,80.767364
1607,6.972079,80.767238
1608,6.971803,80.767408
1609,6.971775,80.767355
1610,6.971985,80.767273
1611,6.971949,80.76723
1612,6.971981,80.767169
1613,6.971801,80.767284
1614,6.971798,80.767183
1615,6.687977,80.313412
1616,6.768938,80.960677
1617,7.294277,81.692372
1618,5.953415,80.592439
1619,5.953249,80.592391
1620,5.958083,80.599606
1621,5.958115,80.599536
1622,7.071293,80.711091
